{"cameraMode":{"drawMode":0,"name":"Shaded","section":"Shading Mode"},"sceneLighting":false,"audioPlay":false,"sceneViewState":{"m_AlwaysRefresh":false,"showFog":true,"showSkybox":false,"showFlares":true,"showImageEffects":true,"showParticleSystems":true,"showVisualEffectGraphs":true,"m_FxEnabled":true},"in2DMode":false,"pivot":{"x":0.22509455680847169,"y":3.0135321617126467,"z":38.505104064941409},"rotation":{"x":0.3130379617214203,"y":-0.0526747889816761,"z":0.017391439527273179,"w":0.9481198787689209},"size":5.708322525024414,"orthographic":false}